{
  "description": "Population figures for countries, regions (e.g. Asia) and the world. Data comes originally from World Bank and has been converted into standard CSV.",
  "keywords": [
    "Population",
    "World",
    "Time series"
  ],
  "last_updated": "2023-05-04",
  "licenses": [
    {
      "name": "ODC-PDDL-1.0",
      "path": "http://opendatacommons.org/licenses/pddl/",
      "title": "Open Data Commons Public Domain Dedication and License v1.0"
    }
  ],
  "name": "population",
  "resources": [
    {
      "format": "csv",
      "name": "population",
      "path": "data/population.csv",
      "schema": {
        "fields": [
          {
            "name": "Country Name",
            "type": "string"
          },
          {
            "name": "Country Code",
            "type": "string"
          },
          {
            "name": "Year",
            "type": "year"
          },
          {
            "name": "Value",
            "type": "number"
          }
        ]
      }
    }
  ],
  "sources": [
    {
      "name": "World Bank",
      "path": "http://data.worldbank.org/indicator/SP.POP.TOTL",
      "title": "World Bank"
    }
  ],
  "title": "Population figures for countries, regions (e.g. Asia) and the world",
  "version": "2023-03-30",
  "collection": "demographics"
}